ticket_id,night,ticket_type,price_cents,refunded
T-0287,2027-11-14,adult,1200,
T-0272,2027-11-14,adult,1200,
T-0100,2027-11-12,senior,1000,
T-0162,2027-11-13,student,800,
T-0129,2027-11-13,student,800,
T-0180,2027-11-13,adult,1200,
T-0041,2027-11-12,student,800,
T-0027,2027-11-12,student,800,
T-0216,2027-11-13,adult,1200,
T-0034,2027-11-12,student,800,
T-0090,2027-11-12,adult,1200,
T-0016,2027-11-12,student,800,
T-0237,2027-11-13,adult,1200,
T-0206,2027-11-13,adult,1200,
T-0150,2027-11-13,student,800,
T-0248,2027-11-13,senior,1000,
T-0264,2027-11-14,student,800,
T-0054,2027-11-12,adult,1200,
T-0045,2027-11-12,adult,1200,
T-0087,2027-11-12,adult,1200,
T-0252,2027-11-13,senior,1000,
T-0144,2027-11-13,student,800,
T-0001,2027-11-12,student,800,
T-0114,2027-11-12,comp,0,
T-0166,2027-11-13,student,800,
T-0178,2027-11-13,adult,1200,
T-0009,2027-11-12,student,800,
T-0125,2027-11-13,student,800,
T-0015,2027-11-12,student,800,
T-0283,2027-11-14,adult,1200,
T-0238,2027-11-13,senior,1000,
T-0140,2027-11-13,student,800,
T-0257,2027-11-14,student,800,
T-0249,2027-11-13,senior,1000,
T-0279,2027-11-14,adult,1200,
T-0096,2027-11-12,senior,1000,
T-0056,2027-11-12,adult,1200,
T-0270,2027-11-14,student,800,
T-0120,2027-11-13,student,800,
T-0194,2027-11-13,adult,1200,
T-0186,2027-11-13,adult,1200,
T-0110,2027-11-12,comp,0,
T-0095,2027-11-12,senior,1000,
T-0025,2027-11-12,student,800,
T-0134,2027-11-13,student,800,
T-0227,2027-11-13,adult,1200,
T-0240,2027-11-13,senior,1000,
T-0147,2027-11-13,student,800,
T-0002,2027-11-12,student,800,
T-0088,2027-11-12,adult,1200,
T-0183,2027-11-13,adult,1200,
T-0293,2027-11-14,senior,1000,
T-0102,2027-11-12,senior,1000,
T-0278,2027-11-14,adult,1200,
T-0018,2027-11-12,student,800,
T-0258,2027-11-14,student,800,
T-0123,2027-11-13,student,800,
T-0124,2027-11-13,student,800,
T-0169,2027-11-13,student,800,
T-0263,2027-11-14,student,800,
T-0165,2027-11-13,student,800,
T-0037,2027-11-12,student,800,
T-0300,2027-11-14,senior,1000,
T-0063,2027-11-12,adult,1200,
T-0217,2027-11-13,adult,1200,
T-0232,2027-11-13,adult,1200,
T-0271,2027-11-14,adult,1200,
T-0159,2027-11-13,student,800,
T-0006,2027-11-12,student,800,
T-0117,2027-11-13,student,800,
T-0161,2027-11-13,student,800,
T-0210,2027-11-13,adult,1200,
T-0301,2027-11-14,senior,1000,
T-0149,2027-11-13,student,800,
T-0130,2027-11-13,student,800,
T-0035,2027-11-12,student,800,
T-0241,2027-11-13,senior,1000,
T-0082,2027-11-12,adult,1200,
T-0143,2027-11-13,student,800,
T-0068,2027-11-12,adult,1200,
T-0208,2027-11-13,adult,1200,
T-0158,2027-11-13,student,800,
T-0255,2027-11-14,student,800,
T-0052,2027-11-12,adult,1200,
T-0066,2027-11-12,adult,1200,
T-0105,2027-11-12,senior,1000,
T-0201,2027-11-13,adult,1200,
T-0029,2027-11-12,student,800,
T-0003,2027-11-12,student,800,
T-0173,2027-11-13,adult,1200,
T-0023,2027-11-12,student,800,
T-0266,2027-11-14,student,800,
T-0179,2027-11-13,adult,1200,
T-0042,2027-11-12,student,800,
T-0286,2027-11-14,adult,1200,
T-0053,2027-11-12,adult,1200,
T-0213,2027-11-13,adult,1200,
T-0081,2027-11-12,adult,1200,
T-0135,2027-11-13,student,800,
T-0228,2027-11-13,adult,1200,
T-0261,2027-11-14,student,800,
T-0069,2027-11-12,adult,1200,
T-0177,2027-11-13,adult,1200,
T-0157,2027-11-13,student,800,
T-0307,2027-11-14,comp,0,
T-0007,2027-11-12,student,800,
T-0049,2027-11-12,adult,1200,
T-0200,2027-11-13,adult,1200,
T-0138,2027-11-13,student,800,
T-0274,2027-11-14,adult,1200,
T-0195,2027-11-13,adult,1200,
T-0148,2027-11-13,student,800,
T-0281,2027-11-14,adult,1200,
T-0285,2027-11-14,adult,1200,
T-0122,2027-11-13,student,800,
T-0260,2027-11-14,student,800,
T-0024,2027-11-12,student,800,
T-0311,2027-11-14,comp,0,
T-0269,2027-11-14,student,800,
T-0211,2027-11-13,adult,1200,
T-0295,2027-11-14,senior,1000,
T-0174,2027-11-13,adult,1200,
T-0282,2027-11-14,adult,1200,
T-0013,2027-11-12,student,800,
T-0294,2027-11-14,senior,1000,
T-0250,2027-11-13,senior,1000,
T-0089,2027-11-12,adult,1200,
T-0126,2027-11-13,student,800,
T-0104,2027-11-12,senior,1000,
T-0078,2027-11-12,adult,1200,
T-0107,2027-11-12,comp,0,
T-0247,2027-11-13,senior,1000,
T-0167,2027-11-13,student,800,
T-0060,2027-11-12,adult,1200,
T-0189,2027-11-13,adult,1200,
T-0067,2027-11-12,adult,1200,
T-0039,2027-11-12,student,800,
T-0073,2027-11-12,adult,1200,
T-0079,2027-11-12,adult,1200,
T-0251,2027-11-13,senior,1000,
T-0220,2027-11-13,adult,1200,
T-0268,2027-11-14,student,800,
T-0131,2027-11-13,student,800,
T-0234,2027-11-13,adult,1200,
T-0019,2027-11-12,student,800,
T-0204,2027-11-13,adult,1200,
T-0153,2027-11-13,student,800,
T-0133,2027-11-13,student,800,
T-0292,2027-11-14,senior,1000,
T-0152,2027-11-13,student,800,
T-0297,2027-11-14,senior,1000,
T-0151,2027-11-13,student,800,
T-0239,2027-11-13,senior,1000,
T-0229,2027-11-13,adult,1200,
T-0091,2027-11-12,adult,1200,
T-0256,2027-11-14,student,800,
T-0277,2027-11-14,adult,1200,
T-0101,2027-11-12,senior,1000,
T-0299,2027-11-14,senior,1000,
T-0235,2027-11-13,adult,1200,
T-0050,2027-11-12,adult,1200,
T-0214,2027-11-13,adult,1200,
T-0115,2027-11-13,student,800,
T-0291,2027-11-14,adult,1200,
T-0099,2027-11-12,senior,1000,
T-0059,2027-11-12,adult,1200,
T-0032,2027-11-12,student,800,
T-0085,2027-11-12,adult,1200,
T-0127,2027-11-13,student,800,
T-0040,2027-11-12,student,800,
T-0190,2027-11-13,adult,1200,
T-0305,2027-11-14,senior,1000,
T-0141,2027-11-13,student,800,
T-0061,2027-11-12,adult,1200,
T-0236,2027-11-13,adult,1200,
T-0212,2027-11-13,adult,1200,
T-0310,2027-11-14,comp,0,
T-0121,2027-11-13,student,800,
T-0047,2027-11-12,adult,1200,
T-0058,2027-11-12,adult,1200,
T-0245,2027-11-13,senior,1000,
T-0267,2027-11-14,student,800,
T-0043,2027-11-12,adult,1200,
T-0303,2027-11-14,senior,1000,
T-0302,2027-11-14,senior,1000,
T-0021,2027-11-12,student,800,
T-0113,2027-11-12,comp,0,
T-0076,2027-11-12,adult,1200,
T-0098,2027-11-12,senior,1000,
T-0160,2027-11-13,student,800,
T-0084,2027-11-12,adult,1200,
T-0230,2027-11-13,adult,1200,yes
T-0097,2027-11-12,senior,1000,
T-0199,2027-11-13,adult,1200,
T-0280,2027-11-14,adult,1200,
T-0176,2027-11-13,adult,1200,
T-0265,2027-11-14,student,800,
T-0246,2027-11-13,senior,1000,
T-0071,2027-11-12,adult,1200,
T-0172,2027-11-13,adult,1200,
T-0218,2027-11-13,adult,1200,
T-0273,2027-11-14,adult,1200,
T-0202,2027-11-13,adult,1200,
T-0288,2027-11-14,adult,1200,
T-0233,2027-11-13,adult,1200,
T-0231,2027-11-13,adult,1200,
T-0254,2027-11-14,student,800,
T-0188,2027-11-13,adult,1200,
T-0093,2027-11-12,adult,1200,
T-0112,2027-11-12,comp,0,
T-0057,2027-11-12,adult,1200,
T-0290,2027-11-14,adult,1200,
T-0026,2027-11-12,student,800,
T-0154,2027-11-13,student,800,
T-0108,2027-11-12,comp,0,
T-0136,2027-11-13,student,800,
T-0156,2027-11-13,student,800,
T-0022,2027-11-12,student,800,
T-0192,2027-11-13,adult,1200,
T-0182,2027-11-13,adult,1200,
T-0242,2027-11-13,senior,1000,
T-0106,2027-11-12,comp,0,
T-0033,2027-11-12,student,800,
T-0181,2027-11-13,adult,1200,
T-0170,2027-11-13,adult,1200,
T-0276,2027-11-14,adult,1200,
T-0215,2027-11-13,adult,1200,
T-0193,2027-11-13,adult,1200,
T-0219,2027-11-13,adult,1200,
T-0224,2027-11-13,adult,1200,
T-0175,2027-11-13,adult,1200,
T-0221,2027-11-13,adult,1200,
T-0304,2027-11-14,senior,1000,
T-0011,2027-11-12,student,800,
T-0184,2027-11-13,adult,1200,yes
T-0289,2027-11-14,adult,1200,
T-0207,2027-11-13,adult,1200,yes
T-0036,2027-11-12,student,800,
T-0046,2027-11-12,adult,1200,
T-0083,2027-11-12,adult,1200,
T-0309,2027-11-14,comp,0,
T-0168,2027-11-13,student,800,
T-0004,2027-11-12,student,800,
T-0226,2027-11-13,adult,1200,
T-0008,2027-11-12,student,800,
T-0139,2027-11-13,student,800,
T-0072,2027-11-12,adult,1200,
T-0191,2027-11-13,adult,1200,
T-0275,2027-11-14,adult,1200,
T-0109,2027-11-12,comp,0,
T-0103,2027-11-12,senior,1000,
T-0187,2027-11-13,adult,1200,
T-0243,2027-11-13,senior,1000,
T-0259,2027-11-14,student,800,
T-0020,2027-11-12,student,800,
T-0070,2027-11-12,adult,1200,
T-0044,2027-11-12,adult,1200,
T-0262,2027-11-14,student,800,
T-0118,2027-11-13,student,800,
T-0203,2027-11-13,adult,1200,
T-0253,2027-11-14,student,800,
T-0012,2027-11-12,student,800,
T-0209,2027-11-13,adult,1200,
T-0048,2027-11-12,adult,1200,
T-0055,2027-11-12,adult,1200,
T-0075,2027-11-12,adult,1200,
T-0205,2027-11-13,adult,1200,
T-0155,2027-11-13,student,800,
T-0030,2027-11-12,student,800,
T-0223,2027-11-13,adult,1200,
T-0094,2027-11-12,senior,1000,
T-0014,2027-11-12,student,800,
T-0116,2027-11-13,student,800,
T-0163,2027-11-13,student,800,
T-0137,2027-11-13,student,800,
T-0028,2027-11-12,student,800,
T-0092,2027-11-12,adult,1200,
T-0074,2027-11-12,adult,1200,
T-0051,2027-11-12,adult,1200,
T-0064,2027-11-12,adult,1200,
T-0298,2027-11-14,senior,1000,
T-0065,2027-11-12,adult,1200,
T-0244,2027-11-13,senior,1000,
T-0185,2027-11-13,adult,1200,
T-0038,2027-11-12,student,800,
T-0111,2027-11-12,comp,0,
T-0145,2027-11-13,student,800,
T-0222,2027-11-13,adult,1200,
T-0017,2027-11-12,student,800,
T-0062,2027-11-12,adult,1200,
T-0031,2027-11-12,student,800,
T-0132,2027-11-13,student,800,
T-0308,2027-11-14,comp,0,
T-0164,2027-11-13,student,800,
T-0077,2027-11-12,adult,1200,
T-0080,2027-11-12,adult,1200,
T-0225,2027-11-13,adult,1200,
T-0010,2027-11-12,student,800,
T-0128,2027-11-13,student,800,
T-0005,2027-11-12,student,800,
T-0306,2027-11-14,comp,0,
T-0197,2027-11-13,adult,1200,
T-0142,2027-11-13,student,800,
T-0284,2027-11-14,adult,1200,
T-0146,2027-11-13,student,800,
T-0296,2027-11-14,senior,1000,
T-0198,2027-11-13,adult,1200,
T-0086,2027-11-12,adult,1200,
T-0119,2027-11-13,student,800,
T-0171,2027-11-13,adult,1200,
T-0196,2027-11-13,adult,1200,
